{"cameraMode":{"drawMode":0,"name":"Shaded","section":"Shading Mode"},"sceneLighting":true,"audioPlay":false,"sceneViewState":{"showFog":true,"showMaterialUpdate":true,"showSkybox":true,"showFlares":true,"showImageEffects":true,"showParticleSystems":true},"in2DMode":false,"pivot":{"x":305.02703857421877,"y":165.8842315673828,"z":20.996673583984376},"rotation":{"x":0.10481984913349152,"y":0.07450983673334122,"z":-0.007876306772232056,"w":0.991668701171875},"size":650.6463012695313,"orthographic":false}