{"cameraMode":{"drawMode":0,"name":"Shaded","section":"Shading Mode"},"sceneLighting":true,"audioPlay":false,"sceneViewState":{"showFog":true,"showMaterialUpdate":true,"showSkybox":true,"showFlares":true,"showImageEffects":true,"showParticleSystems":true},"in2DMode":false,"pivot":{"x":306.3587646484375,"y":194.07647705078126,"z":251.15335083007813},"rotation":{"x":0.011405570432543755,"y":-0.02340293489396572,"z":0.0002937409153673798,"w":0.9996772408485413},"size":799.6568603515625,"orthographic":false}