{"cameraMode":{"drawMode":0,"name":"Shaded","section":"Shading Mode"},"sceneLighting":true,"audioPlay":false,"sceneViewState":{"showFog":true,"showMaterialUpdate":true,"showSkybox":true,"showFlares":true,"showImageEffects":true,"showParticleSystems":true},"in2DMode":false,"pivot":{"x":317.81390380859377,"y":161.30320739746095,"z":3.709399700164795},"rotation":{"x":0.010809305123984814,"y":0.0029948295559734108,"z":-0.00003263568942202255,"w":0.9999403953552246},"size":497.4459228515625,"orthographic":false}