{"cameraMode":{"drawMode":0,"name":"Shaded","section":"Shading Mode"},"sceneLighting":true,"audioPlay":false,"sceneViewState":{"showFog":true,"showMaterialUpdate":true,"showSkybox":true,"showFlares":true,"showImageEffects":true,"showParticleSystems":true},"in2DMode":false,"pivot":{"x":551.63427734375,"y":313.5785217285156,"z":8.066017150878907},"rotation":{"x":0.0737265795469284,"y":-0.020946413278579713,"z":0.0015484944451600314,"w":0.9970620274543762},"size":1014.2989501953125,"orthographic":false}