{"cameraMode":{"drawMode":0,"name":"Shaded","section":"Shading Mode"},"sceneLighting":true,"audioPlay":false,"sceneViewState":{"showFog":true,"showMaterialUpdate":true,"showSkybox":true,"showFlares":true,"showImageEffects":true,"showParticleSystems":true},"in2DMode":false,"pivot":{"x":317.81390380859377,"y":161.30320739746095,"z":3.709399700164795},"rotation":{"x":0.007802573963999748,"y":0.04198151454329491,"z":-0.0003281222016084939,"w":0.9990909695625305},"size":437.6949157714844,"orthographic":false}