{"cameraMode":{"drawMode":0,"name":"Shaded","section":"Shading Mode"},"sceneLighting":true,"audioPlay":false,"sceneViewState":{"showFog":true,"showMaterialUpdate":true,"showSkybox":true,"showFlares":true,"showImageEffects":true,"showParticleSystems":true},"in2DMode":false,"pivot":{"x":704.352294921875,"y":252.50416564941407,"z":0.0},"rotation":{"x":0.013795129023492337,"y":-0.044985320419073108,"z":0.0006211787695065141,"w":0.9988932609558106},"size":1127.482666015625,"orthographic":false}