{"cameraMode":{"drawMode":0,"name":"Shaded","section":"Shading Mode"},"sceneLighting":false,"audioPlay":false,"sceneViewState":{"showFog":true,"showMaterialUpdate":true,"showSkybox":false,"showFlares":true,"showImageEffects":true,"showParticleSystems":true},"in2DMode":false,"pivot":{"x":317.81390380859377,"y":161.30320739746095,"z":3.709399700164795},"rotation":{"x":0.0737265795469284,"y":-0.020946413278579713,"z":0.0015484944451600314,"w":0.9970620274543762},"size":22.0,"orthographic":false}